<?xml version="1.0"?>
<doc>
    <assembly>
        <name>SenderWSSecuredRest.Model</name>
    </assembly>
    <members>
        <member name="T:Skoda.SenderWSSecuredRest.Model.LocalEventStatus">
            <summary>
            LocalEventStatus
            </summary>
        </member>
        <member name="F:Skoda.SenderWSSecuredRest.Model.LocalEventStatus.Cancelled">
            <summary>
            Cancelled
            </summary>
        </member>
        <member name="F:Skoda.SenderWSSecuredRest.Model.LocalEventStatus.Confirmed">
            <summary>
            Confirmed
            </summary>
        </member>
        <member name="F:Skoda.SenderWSSecuredRest.Model.LocalEventStatus.Tentative">
            <summary>
            Tentative
            </summary>
        </member>
        <member name="T:Skoda.SenderWSSecuredRest.Model.Appointment">
            <summary>
            Appointment
            </summary>
        </member>
        <member name="F:Skoda.SenderWSSecuredRest.Model.Appointment.Summary">
            <summary>
            Summary
            </summary>
        </member>
        <member name="F:Skoda.SenderWSSecuredRest.Model.Appointment.Start">
            <summary>
            Start
            </summary>
        </member>
        <member name="F:Skoda.SenderWSSecuredRest.Model.Appointment.End">
            <summary>
            End
            </summary>
        </member>
        <member name="F:Skoda.SenderWSSecuredRest.Model.Appointment.Description">
            <summary>
            Description
            </summary>
        </member>
        <member name="F:Skoda.SenderWSSecuredRest.Model.Appointment.Location">
            <summary>
            Location
            </summary>
        </member>
        <member name="F:Skoda.SenderWSSecuredRest.Model.Appointment.Organizer">
            <summary>
            Organizer
            </summary>
        </member>
        <member name="F:Skoda.SenderWSSecuredRest.Model.Appointment.UID">
            <summary>
            UID
            </summary>
        </member>
        <member name="F:Skoda.SenderWSSecuredRest.Model.Appointment.Attendees">
            <summary>
            Attendees
            </summary>
        </member>
        <member name="F:Skoda.SenderWSSecuredRest.Model.Appointment.Status">
            <summary>
            Status
            </summary>
        </member>
        <member name="T:Skoda.SenderWSSecuredRest.Model.Attachment">
            <summary>
            Attachment
            </summary>
        </member>
        <member name="F:Skoda.SenderWSSecuredRest.Model.Attachment.FileName">
            <summary>
            FileName
            </summary>
        </member>
        <member name="F:Skoda.SenderWSSecuredRest.Model.Attachment.FileURL">
            <summary>
            FileURL
            </summary>
        </member>
        <member name="F:Skoda.SenderWSSecuredRest.Model.Attachment.ContentType">
            <summary>
            ContentType
            </summary>
        </member>
        <member name="F:Skoda.SenderWSSecuredRest.Model.Attachment.IsSetTransferEncoding">
            <summary>
            IsSetTransferEncoding
            </summary>
        </member>
        <member name="P:Skoda.SenderWSSecuredRest.Model.Attachment.TransferEncoding">
            <summary>
            TransferEncoding
            </summary>
        </member>
        <member name="F:Skoda.SenderWSSecuredRest.Model.Attachment.FileData">
            <summary>
            FileData
            </summary>
        </member>
        <member name="T:Skoda.SenderWSSecuredRest.Model.Email">
            <summary>
            Email
            </summary>
        </member>
        <member name="F:Skoda.SenderWSSecuredRest.Model.Email.Bcc">
            <summary>
            Bcc
            </summary>
        </member>
        <member name="F:Skoda.SenderWSSecuredRest.Model.Email.Body">
            <summary>
            Body
            </summary>
        </member>
        <member name="F:Skoda.SenderWSSecuredRest.Model.Email.BodyEncodingName">
            <summary>
            BodyEncodingName
            </summary>
        </member>
        <member name="F:Skoda.SenderWSSecuredRest.Model.Email.BodyEncodingPage">
            <summary>
            BodyEncodingPage
            </summary>
        </member>
        <member name="F:Skoda.SenderWSSecuredRest.Model.Email.IsBodyHtml">
            <summary>
            IsBodyHtml
            </summary>
        </member>
        <member name="F:Skoda.SenderWSSecuredRest.Model.Email.Cc">
            <summary>
            Cc
            </summary>
        </member>
        <member name="F:Skoda.SenderWSSecuredRest.Model.Email.From">
            <summary>
            From
            </summary>
        </member>
        <member name="F:Skoda.SenderWSSecuredRest.Model.Email.Priority">
            <summary>
            Priority
            </summary>
        </member>
        <member name="F:Skoda.SenderWSSecuredRest.Model.Email.Subject">
            <summary>
            Subject
            </summary>
        </member>
        <member name="F:Skoda.SenderWSSecuredRest.Model.Email.To">
            <summary>
            To
            </summary>
        </member>
        <member name="F:Skoda.SenderWSSecuredRest.Model.Email.UrlContentBase">
            <summary>
            UrlContentBase
            </summary>
        </member>
        <member name="F:Skoda.SenderWSSecuredRest.Model.Email.UrlContentLocation">
            <summary>
            UrlContentLocation
            </summary>
        </member>
        <member name="F:Skoda.SenderWSSecuredRest.Model.Email.Attachments">
            <summary>
            Attachments
            </summary>
        </member>
        <member name="F:Skoda.SenderWSSecuredRest.Model.Email.ReplyTo">
            <summary>
            ReplyTo
            </summary>
        </member>
        <member name="F:Skoda.SenderWSSecuredRest.Model.Email.ReplyToDomain">
            <summary>
            ReplyToDomain
            </summary>
        </member>
        <member name="T:Skoda.SenderWSSecuredRest.Model.EmailAppointment">
            <summary>
            EmailAppointment
            </summary>
        </member>
        <member name="F:Skoda.SenderWSSecuredRest.Model.EmailAppointment.HtmlBody">
            <summary>
            HtmlBody
            </summary>
        </member>
        <member name="F:Skoda.SenderWSSecuredRest.Model.EmailAppointment.Body">
            <summary>
            Body
            </summary>
        </member>
        <member name="F:Skoda.SenderWSSecuredRest.Model.EmailAppointment.To">
            <summary>
            To
            </summary>
        </member>
        <member name="F:Skoda.SenderWSSecuredRest.Model.EmailAppointment.Subject">
            <summary>
            Subject
            </summary>
        </member>
        <member name="F:Skoda.SenderWSSecuredRest.Model.EmailAppointment.Sender">
            <summary>
            Sender
            </summary>
        </member>
        <member name="F:Skoda.SenderWSSecuredRest.Model.EmailAppointment.ReplyTo">
            <summary>
            ReplyTo
            </summary>
        </member>
        <member name="F:Skoda.SenderWSSecuredRest.Model.EmailAppointment.From">
            <summary>
            From
            </summary>
        </member>
        <member name="F:Skoda.SenderWSSecuredRest.Model.EmailAppointment.Appointment">
            <summary>
            Appointment
            </summary>
        </member>
        <member name="T:Skoda.SenderWSSecuredRest.Model.TextSMS">
            <summary>
            TextSMS
            </summary>
        </member>
        <member name="F:Skoda.SenderWSSecuredRest.Model.TextSMS.Phone">
            <summary>
            Phone
            </summary>
        </member>
        <member name="F:Skoda.SenderWSSecuredRest.Model.TextSMS.Message">
            <summary>
            Message
            </summary>
        </member>
        <member name="T:Skoda.SenderWSSecuredRest.Model.TwilioSMS">
            <summary>
            TwilioSMS
            </summary>
        </member>
        <member name="F:Skoda.SenderWSSecuredRest.Model.TwilioSMS.AccountSid">
            <summary>
            AccountSid
            </summary>
        </member>
        <member name="F:Skoda.SenderWSSecuredRest.Model.TwilioSMS.AuthToken">
            <summary>
            AuthToken
            </summary>
        </member>
        <member name="F:Skoda.SenderWSSecuredRest.Model.TwilioSMS.Sender">
            <summary>
            Sender
            </summary>
        </member>
        <member name="F:Skoda.SenderWSSecuredRest.Model.TwilioSMS.Recipient">
            <summary>
            Recipient
            </summary>
        </member>
        <member name="F:Skoda.SenderWSSecuredRest.Model.TwilioSMS.Message">
            <summary>
            Message
            </summary>
        </member>
    </members>
</doc>
